model,image_number,image_filename,ssim,psnr
FLUX,1,image_001.png,0.906876357713277,23.962706725126935
FLUX,2,image_002.png,0.8464336592437353,24.281972139153662
FLUX,3,image_003.png,0.8244486057401402,24.136208308497377
FLUX,4,image_004.png,0.8085647095100453,24.18727258939487
FLUX,5,image_005.png,0.7704433669155535,20.027364233911594
FLUX,6,image_006.png,0.729291207774172,18.198449590744627
FLUX,7,image_007.png,0.713233974442822,18.21669660803677
FLUX,8,image_008.png,0.6981853961146377,18.12201457238345
FLUX,9,image_009.png,0.6807678117757205,17.902824371989
FLUX,10,image_010.png,0.6658919526869123,17.85262638449684
FLUX,11,image_011.png,0.6506053955333916,17.747536226460767
FLUX,12,image_012.png,0.6331467907176345,17.366838848280956
FLUX,13,image_013.png,0.6163485778274382,17.0048439970239
FLUX,14,image_014.png,0.6038492707797445,16.927619198466115
FLUX,15,image_015.png,0.5897065661059064,16.790505601301223
FLUX,16,image_016.png,0.5755021138209814,16.61435981428352
FLUX,17,image_017.png,0.561536541529495,16.452052325233332
FLUX,18,image_018.png,0.5472039225156904,16.29497543078017
FLUX,19,image_019.png,0.5350674356957448,16.21395654226693
FLUX,20,image_020.png,0.5208978890106265,16.02276128982982
FLUX,21,image_021.png,0.5101401143637694,15.966559417842879
FLUX,22,image_022.png,0.49777993849763247,15.734976959132371
FLUX,23,image_023.png,0.48596700098076234,15.571758498690308
FLUX,24,image_024.png,0.47491647397704945,15.465765352629223
FLUX,25,image_025.png,0.4622262683830064,15.305245903190501
FLUX,26,image_026.png,0.45092436642453443,15.149930982701104
FLUX,27,image_027.png,0.44497384178652494,15.075804132751703
FLUX,28,image_028.png,0.433218892591154,14.922896969019677
FLUX,29,image_029.png,0.41824644235636926,14.674477150572313
FLUX,30,image_030.png,0.4081742222366595,14.59534786655257
FLUX,31,image_031.png,0.396559044417402,14.38563200686454
FLUX,32,image_032.png,0.3885243855924531,14.336740879983921
FLUX,33,image_033.png,0.38360765498631944,14.391576929977333
FLUX,34,image_034.png,0.3772253318899791,14.343762550192151
FLUX,35,image_035.png,0.36684286338268784,14.007833017077171
FLUX,36,image_036.png,0.35748448314549547,13.901077877439597
FLUX,37,image_037.png,0.3489909937617496,13.806649410066779
FLUX,38,image_038.png,0.3416927659346574,13.735347232680189
FLUX,39,image_039.png,0.33303882654038397,13.620686010658806
FLUX,40,image_040.png,0.32495404549809437,13.515810878101803
FLUX,41,image_041.png,0.31681498248654955,13.41494031080007
FLUX,42,image_042.png,0.3093802013577172,13.323262975039729
FLUX,43,image_043.png,0.30242796920460563,13.27807261974094
FLUX,44,image_044.png,0.2959018752257869,13.181616219336188
FLUX,45,image_045.png,0.29002456419199696,13.118038982811907
FLUX,46,image_046.png,0.2816778500190891,13.017573152242509
FLUX,47,image_047.png,0.27442450923608247,12.955503044316108
FLUX,48,image_048.png,0.2677532703718364,12.83848799150835
FLUX,49,image_049.png,0.25985865168202726,12.694011641364922
FLUX,50,image_050.png,0.25842448462340634,12.655906600900677
FLUX,51,image_051.png,0.24843434745292473,12.374261033578708
FLUX,52,image_052.png,0.23933278421404694,12.186597984231804
FLUX,53,image_053.png,0.23218790445740173,12.057232044771272
FLUX,54,image_054.png,0.22586534380053583,11.96690345864175
FLUX,55,image_055.png,0.22036213591662804,11.891753665538847
FLUX,56,image_056.png,0.21428959994264427,11.795886767800353
FLUX,57,image_057.png,0.20923700168208229,11.728074461681192
FLUX,58,image_058.png,0.20318832526629382,11.62814817039697
FLUX,59,image_059.png,0.20229679974937353,11.900085780630201
FLUX,60,image_060.png,0.19525062520903735,11.742191443890608
FLUX,61,image_061.png,0.21013501901050477,11.99068385905231
FLUX,62,image_062.png,0.19171690091140317,11.502471988832122
FLUX,63,image_063.png,0.18337609473409736,11.36380525566743
FLUX,64,image_064.png,0.17638110521523684,11.22403739387709
FLUX,65,image_065.png,0.17068824679063385,11.150551221426358
FLUX,66,image_066.png,0.16557819892269815,11.066797362319889
FLUX,67,image_067.png,0.16041562218657418,10.953946293895774
FLUX,68,image_068.png,0.15531903015677584,10.868484161817175
FLUX,69,image_069.png,0.1501779433152456,10.777903938810091
FLUX,70,image_070.png,0.14480214618163312,10.671278824081538
FLUX,71,image_071.png,0.13989093996915017,10.56374689198341
FLUX,72,image_072.png,0.13544411815220192,10.48447987296932
FLUX,73,image_073.png,0.13148819267555167,10.414474802861001
FLUX,74,image_074.png,0.12851229981526563,10.342293410327368
FLUX,75,image_075.png,0.12545254152390614,10.305206711713131
FLUX,76,image_076.png,0.1209390261950614,10.21853518372537
FLUX,77,image_077.png,0.11703849316263089,10.155573047120663
FLUX,78,image_078.png,0.11311702356528303,10.083992686130214
FLUX,79,image_079.png,0.10962011127019769,10.012337930999966
FLUX,80,image_080.png,0.1066896824354626,9.962832581767898
FLUX,81,image_081.png,0.10470537980295996,9.961107264899105
FLUX,82,image_082.png,0.10218235745054494,9.933466789274203
FLUX,83,image_083.png,0.09906043459887742,9.849480853139372
FLUX,84,image_084.png,0.09621977504975615,9.796773521990438
FLUX,85,image_085.png,0.09365369140037556,9.737334573807763
FLUX,86,image_086.png,0.09208280187509106,9.712362275342993
FLUX,87,image_087.png,0.08913363676132716,9.64706609716082
FLUX,88,image_088.png,0.09128910912982156,9.777335080027322
FLUX,89,image_089.png,0.08663719799930869,9.64848587112942
FLUX,90,image_090.png,0.0857145309865225,9.637658170281838
FLUX,91,image_091.png,0.08276391424512958,9.559149775922863
FLUX,92,image_092.png,0.0802699966189038,9.50187340156502
FLUX,93,image_093.png,0.07858385133691549,9.467028377741295
FLUX,94,image_094.png,0.07650368916683502,9.422912660639168
FLUX,95,image_095.png,0.07476319780282945,9.371856194648627
FLUX,96,image_096.png,0.07294663972630563,9.327480821140151
FLUX,97,image_097.png,0.07118172530531464,9.282314282899153
FLUX,98,image_098.png,0.0700358577056639,9.358401373311828
FLUX,99,image_099.png,0.06742704497862438,9.26036276282565
FLUX,100,image_100.png,0.06570537443220409,9.203617515578788
GPT,1,image_001.png,0.4440194654943076,19.439970353420538
GPT,2,image_002.png,0.40577078142934697,18.983368208320254
GPT,3,image_003.png,0.046160706005457755,13.00811539253619
GPT,4,image_004.png,0.0019045006508740649,7.95383529051735
GPT,5,image_005.png,0.0014779630703068076,7.570783052197356
GPT,6,image_006.png,0.0014730933717983364,7.512719820004135
GPT,7,image_007.png,0.001484354625071149,7.497817535768717
GPT,8,image_008.png,0.001482193717416456,7.490594476898838
GPT,9,image_009.png,0.0014568273527110918,7.485656468918672
GPT,10,image_010.png,0.11984330514322437,14.949618590669742
GPT,11,image_011.png,0.07624384283096414,13.133957043110787
GPT,12,image_012.png,0.019925416874637288,9.030847543607534
GPT,13,image_013.png,0.014919278210209415,8.19826162967847
GPT,14,image_014.png,0.014143338010385307,8.01502713979439
GPT,15,image_015.png,0.01394418027032221,7.969102580445256
GPT,16,image_016.png,0.013889806051756524,7.9519630933900505
GPT,17,image_017.png,0.013874805520257195,7.941480633375503
GPT,18,image_018.png,0.013745234911048577,7.93045490398241
GPT,19,image_019.png,0.013695557582927892,7.920685618354377
GPT,20,image_020.png,0.013675770146869673,7.9155216369935
GPT,21,image_021.png,0.013630938761728753,7.914313509349579
GPT,22,image_022.png,0.01361994621373683,7.911051675425363
GPT,23,image_023.png,0.013634295532848957,7.908397315794247
GPT,24,image_024.png,0.013633856426171253,7.907108337064367
GPT,25,image_025.png,0.013689552461163518,7.9061225640476085
GPT,26,image_026.png,0.013655547478055478,7.903200839478418
GPT,27,image_027.png,0.01366034047191168,7.902095806458199
GPT,28,image_028.png,0.008186839434013096,9.328692947965369
GPT,29,image_029.png,0.0033798931565195457,7.2296357668547255
GPT,30,image_030.png,0.0033499075463440256,7.078674185732043
GPT,31,image_031.png,0.0034461951947389094,7.0457310324831575
GPT,32,image_032.png,0.003469671316607867,7.034405445027979
GPT,33,image_033.png,0.0034503123033717198,7.028132328890805
GPT,34,image_034.png,0.0034823265456089604,7.024521759304498
GPT,35,image_035.png,0.00351334264824217,7.022612305858851
GPT,36,image_036.png,0.0035303648508753396,7.021102340349591
GPT,37,image_037.png,0.0035272222420001265,7.018478507247194
GPT,38,image_038.png,0.0035122243307472373,7.018673553698674
GPT,39,image_039.png,0.0035064091962897317,7.0180216821820585
GPT,40,image_040.png,0.003502587247987067,7.017306755472141
GPT,41,image_041.png,0.0035054474892926824,7.01709670063026
GPT,42,image_042.png,0.003499605571060952,7.016358290199394
GPT,43,image_043.png,0.003500287737932504,7.016147436822311
GPT,44,image_044.png,0.014018025110548853,10.024192078094504
GPT,45,image_045.png,0.005981349910591088,7.38428827824367
GPT,46,image_046.png,0.005712950149483121,7.229330597529464
GPT,47,image_047.png,0.005703859354913917,7.192410773251474
GPT,48,image_048.png,0.005741107454397266,7.180071320653214
GPT,49,image_049.png,0.005748362926720801,7.173549305097295
GPT,50,image_050.png,0.005738384713004504,7.168866776845758
GPT,51,image_051.png,0.00573761393071581,7.1655855405216995
GPT,52,image_052.png,0.005735471136912749,7.163859321962108
GPT,53,image_053.png,0.005736470308690586,7.162641458467048
GPT,54,image_054.png,0.009543247724066162,8.742069670520321
GPT,55,image_055.png,0.0057044181264286195,7.261790878728625
GPT,56,image_056.png,0.0053902415902084356,7.058459392979247
GPT,57,image_057.png,0.005339843747404615,7.022023142492325
GPT,58,image_058.png,0.005302144956050072,7.0097368682609655
GPT,59,image_059.png,0.005317834697528746,7.004522462287861
GPT,60,image_060.png,0.005355405212631062,7.001757520414276
GPT,61,image_061.png,0.005359845747272486,6.999974116909219
GPT,62,image_062.png,0.005391837773904816,6.998684570219622
GPT,63,image_063.png,0.005411908984916969,6.998081498387746
GPT,64,image_064.png,0.005417329231960077,6.997202222398152
GPT,65,image_065.png,0.005411556960227347,6.996410553338732
GPT,66,image_066.png,0.005414220568351594,6.996307766770778
GPT,67,image_067.png,0.00542549698140041,6.995716833068693
GPT,68,image_068.png,0.005429577616886741,6.995092179170563
GPT,69,image_069.png,0.005432710059269725,6.9949714658606705
GPT,70,image_070.png,0.0054366813741118574,6.9943960654332
GPT,71,image_071.png,0.00543753362018712,6.994203615830067
GPT,72,image_072.png,0.005433030900404408,6.993549541229724
GPT,73,image_073.png,0.005431042867273192,6.993834638746483
GPT,74,image_074.png,0.005425869072773132,6.99407343701182
GPT,75,image_075.png,0.005415953960880084,6.993781819134444
GPT,76,image_076.png,0.005418728658836009,6.993466934077929
GPT,77,image_077.png,0.0054110038142704524,6.993300001839746
GPT,78,image_078.png,0.005410942668119588,6.992958669924074
GPT,79,image_079.png,0.005407217226529905,6.992804215229155
GPT,80,image_080.png,0.005404339330813348,6.992980521152634
GPT,81,image_081.png,0.005404106998010598,6.992805052590484
GPT,82,image_082.png,0.005399120882559849,6.992263004845763
GPT,83,image_083.png,0.005393931274156889,6.992057857072586
GPT,84,image_084.png,0.005394084210357871,6.991689331478245
GPT,85,image_085.png,0.005403690610231242,6.9915322872052075
GPT,86,image_086.png,0.005404676272342012,6.991955859895088
GPT,87,image_087.png,0.00540358790016613,6.991764661365575
GPT,88,image_088.png,0.005403254552076601,6.9916298759404425
GPT,89,image_089.png,0.005394551928418906,6.9920008975034085
GPT,90,image_090.png,0.005386384624786217,6.991729401648347
GPT,91,image_091.png,0.005386526825416386,6.991637954951826
GPT,92,image_092.png,0.0053833168112660075,6.9915455034089575
GPT,93,image_093.png,0.00538269213354471,6.991811924708227
GPT,94,image_094.png,0.005381042199846613,6.991362289161258
GPT,95,image_095.png,0.005387904585569321,6.991400817048294
GPT,96,image_096.png,0.0053880263759793256,6.991233265320837
GPT,97,image_097.png,0.005382938412610194,6.99120969039189
GPT,98,image_098.png,0.005388380982815726,6.9915363963893125
GPT,99,image_099.png,0.0053886777156849225,6.991550530813343
GPT,100,image_100.png,0.005392629720512777,6.991058032350312
GPT-Mini,1,image_001.png,0.27732369579235633,16.21095051175333
GPT-Mini,2,image_002.png,0.288639750562795,14.499601980535486
GPT-Mini,3,image_003.png,0.23226032177770903,12.728310815230795
GPT-Mini,4,image_004.png,0.26224605226158954,11.506509898936091
GPT-Mini,5,image_005.png,0.237356344426123,10.551743341448276
GPT-Mini,6,image_006.png,0.22104795605832225,9.902361558127584
GPT-Mini,7,image_007.png,0.2083998156557672,9.5450760417704
GPT-Mini,8,image_008.png,0.1958660596447998,9.30915777531996
GPT-Mini,9,image_009.png,0.18853239887951703,9.22394579746815
GPT-Mini,10,image_010.png,0.1920527024947745,9.29902989688151
GPT-Mini,11,image_011.png,0.19703657155023604,9.364180131685968
GPT-Mini,12,image_012.png,0.1949946071902004,9.256386588583656
GPT-Mini,13,image_013.png,0.20025538729107753,9.26906540924547
GPT-Mini,14,image_014.png,0.19555030756765948,9.210539400835115
GPT-Mini,15,image_015.png,0.1865368973461125,9.046834565691528
GPT-Mini,16,image_016.png,0.1862823369350997,9.057611370726788
GPT-Mini,17,image_017.png,0.1826243369365371,8.915587403387145
GPT-Mini,18,image_018.png,0.17012511972562203,8.79557714594361
GPT-Mini,19,image_019.png,0.15789764939178058,8.591769309091884
GPT-Mini,20,image_020.png,0.1557488015451096,8.532576106906976
GPT-Mini,21,image_021.png,0.15190805630301757,8.5265256451213
GPT-Mini,22,image_022.png,0.13970269961537457,8.423936027408752
GPT-Mini,23,image_023.png,0.13795204455132917,8.345478908752463
GPT-Mini,24,image_024.png,0.13161000131357323,8.29970862375041
GPT-Mini,25,image_025.png,0.12122220396136302,8.192933564713412
GPT-Mini,26,image_026.png,0.11713788547122111,8.139927579822254
GPT-Mini,27,image_027.png,0.109215069731843,8.058253924890785
GPT-Mini,28,image_028.png,0.10699080464489436,8.011000019611615
GPT-Mini,29,image_029.png,0.10596261557949649,7.996627726245941
GPT-Mini,30,image_030.png,0.1010056444278583,7.989320996587197
GPT-Mini,31,image_031.png,0.09918960929627141,7.978685557721276
GPT-Mini,32,image_032.png,0.10501399767692485,7.990550292547347
GPT-Mini,33,image_033.png,0.09985588595414202,7.949623122460179
GPT-Mini,34,image_034.png,0.10340747818767397,7.916786439205468
GPT-Mini,35,image_035.png,0.10881874217981044,7.923409591493096
GPT-Mini,36,image_036.png,0.10323226416510929,7.874420791730914
GPT-Mini,37,image_037.png,0.10020274899714147,7.853523354444544
GPT-Mini,38,image_038.png,0.10314957489941351,7.824643849618487
GPT-Mini,39,image_039.png,0.1062203257338088,7.793088003682419
GPT-Mini,40,image_040.png,0.10497853098825817,7.695867207377206
GPT-Mini,41,image_041.png,0.10520866182695923,7.602455425852051
GPT-Mini,42,image_042.png,0.10350653903665556,7.566399943689931
GPT-Mini,43,image_043.png,0.11022798056925688,7.527391580240677
GPT-Mini,44,image_044.png,0.1084959738502893,7.578683532493518
GPT-Mini,45,image_045.png,0.10575064265822555,7.570360572829373
GPT-Mini,46,image_046.png,0.11057812422962207,7.555120034778042
GPT-Mini,47,image_047.png,0.11749875994660565,7.542189373959874
GPT-Mini,48,image_048.png,0.11509040897494295,7.583424569262638
GPT-Mini,49,image_049.png,0.12322243352041803,7.503326265315132
GPT-Mini,50,image_050.png,0.12763177065029008,7.460987802081368
GPT-Mini,51,image_051.png,0.13013152011628795,7.459100702047257
GPT-Mini,52,image_052.png,0.13253271907631928,7.451917370337803
GPT-Mini,53,image_053.png,0.13656724881673762,7.403801046189587
GPT-Mini,54,image_054.png,0.13838974061005177,7.347438284888847
GPT-Mini,55,image_055.png,0.13731333693558276,7.362212273346303
GPT-Mini,56,image_056.png,0.1361083204918451,7.346723032441302
GPT-Mini,57,image_057.png,0.1374180700137303,7.336332229351333
GPT-Mini,58,image_058.png,0.13945127220952525,7.376143323985693
GPT-Mini,59,image_059.png,0.1380577389140981,7.432412357316598
GPT-Mini,60,image_060.png,0.14090518139834202,7.384883893222263
GPT-Mini,61,image_061.png,0.1410168170165604,7.3620411766913465
GPT-Mini,62,image_062.png,0.14335900847753472,7.346582537029693
GPT-Mini,63,image_063.png,0.1380038873589598,7.310774714012198
GPT-Mini,64,image_064.png,0.12957953594387497,7.288310998556801
GPT-Mini,65,image_065.png,0.12726418451528346,7.29070635897065
GPT-Mini,66,image_066.png,0.12260390136356887,7.324843848266837
GPT-Mini,67,image_067.png,0.11970205549517302,7.33307872102872
GPT-Mini,68,image_068.png,0.11500578495409278,7.4129666574589335
GPT-Mini,69,image_069.png,0.11604448239707164,7.364779269943394
GPT-Mini,70,image_070.png,0.11451122593726086,7.349438338655881
GPT-Mini,71,image_071.png,0.1152667446740951,7.351800732649569
GPT-Mini,72,image_072.png,0.11232108363762904,7.371421156328242
GPT-Mini,73,image_073.png,0.10841125379699032,7.340508622275149
GPT-Mini,74,image_074.png,0.11135467232202412,7.298509235535788
GPT-Mini,75,image_075.png,0.11116450612163267,7.28861261570956
GPT-Mini,76,image_076.png,0.10979143443067546,7.344500302989551
GPT-Mini,77,image_077.png,0.11203937388251556,7.320629249522224
GPT-Mini,78,image_078.png,0.11098561385394284,7.364739731930822
GPT-Mini,79,image_079.png,0.10800805847483964,7.411811210207976
GPT-Mini,80,image_080.png,0.10361922182171766,7.489875197418141
GPT-Mini,81,image_081.png,0.10499373786173166,7.475820912391082
GPT-Mini,82,image_082.png,0.10766780517547067,7.485248306742761
GPT-Mini,83,image_083.png,0.10901333014267163,7.455606995832696
GPT-Mini,84,image_084.png,0.10910176400426803,7.43135058247432
GPT-Mini,85,image_085.png,0.1096445886790169,7.380852212661352
GPT-Mini,86,image_086.png,0.10665863014607542,7.389084124452455
GPT-Mini,87,image_087.png,0.10553675218060846,7.3721718337400235
GPT-Mini,88,image_088.png,0.10688830457468086,7.362887734336305
GPT-Mini,89,image_089.png,0.10469963496380351,7.404357160375539
GPT-Mini,90,image_090.png,0.1039443567181737,7.364090047703397
GPT-Mini,91,image_091.png,0.10581797173935867,7.361048546816438
GPT-Mini,92,image_092.png,0.10789314879972649,7.351049635698393
GPT-Mini,93,image_093.png,0.11019460700140467,7.352841914843592
GPT-Mini,94,image_094.png,0.11533575119702176,7.368745852531937
GPT-Mini,95,image_095.png,0.11599140956034498,7.384580767721233
GPT-Mini,96,image_096.png,0.11598470649224644,7.352437265547564
GPT-Mini,97,image_097.png,0.1177534072168226,7.33585476114431
GPT-Mini,98,image_098.png,0.1196490294861566,7.334733703173736
GPT-Mini,99,image_099.png,0.117509165712797,7.31944211388077
GPT-Mini,100,image_100.png,0.1163599123519514,7.293435062346333
Nano-Banana-Pro,1,image_001.png,0.8583426555345322,29.700227407556046
Nano-Banana-Pro,2,image_002.png,0.8303055580442653,27.79954587508123
Nano-Banana-Pro,3,image_003.png,0.8001876429481478,26.106070404415327
Nano-Banana-Pro,4,image_004.png,0.7670672407358976,24.306386495300654
Nano-Banana-Pro,5,image_005.png,0.7356854360788951,22.90207799768726
Nano-Banana-Pro,6,image_006.png,0.7061080396310849,21.86184764509992
Nano-Banana-Pro,7,image_007.png,0.6768169040345339,20.851640895251535
Nano-Banana-Pro,8,image_008.png,0.6499396820359802,20.001316357748266
Nano-Banana-Pro,9,image_009.png,0.627957760272707,19.33085010660905
Nano-Banana-Pro,10,image_010.png,0.6009157100860365,18.827512047470908
Nano-Banana-Pro,11,image_011.png,0.5842159013229885,18.392058605959246
Nano-Banana-Pro,12,image_012.png,0.5693236001731334,18.408197580865316
Nano-Banana-Pro,13,image_013.png,0.5538770271873068,18.137632700787055
Nano-Banana-Pro,14,image_014.png,0.5429092387389121,17.980056421631918
Nano-Banana-Pro,15,image_015.png,0.5242120596927603,17.80025281964255
Nano-Banana-Pro,16,image_016.png,0.5128946256146094,17.58668631446524
Nano-Banana-Pro,17,image_017.png,0.5035054330684134,17.38813424069607
Nano-Banana-Pro,18,image_018.png,0.49273658389614455,17.084954390918274
Nano-Banana-Pro,19,image_019.png,0.47305097490739206,16.6220446806417
Nano-Banana-Pro,20,image_020.png,0.4364968298108528,14.823168985727094
Nano-Banana-Pro,21,image_021.png,0.43136338975363003,14.826646886224243
Nano-Banana-Pro,22,image_022.png,0.4173964259405358,14.717296520315603
Nano-Banana-Pro,23,image_023.png,0.3937493636706495,14.236199250770909
Nano-Banana-Pro,24,image_024.png,0.38314440845597514,14.392973764066209
Nano-Banana-Pro,25,image_025.png,0.33993822460865997,13.5773644921684
Nano-Banana-Pro,26,image_026.png,0.335611240084543,13.627238562077357
Nano-Banana-Pro,27,image_027.png,0.3344231600059564,13.743239329354397
Nano-Banana-Pro,28,image_028.png,0.33123092496816026,13.785655230620934
Nano-Banana-Pro,29,image_029.png,0.2989878818465315,13.033971679840848
Nano-Banana-Pro,30,image_030.png,0.2852128703870734,13.150197669327149
Nano-Banana-Pro,31,image_031.png,0.2757366894420846,12.92462868926885
Nano-Banana-Pro,32,image_032.png,0.27789642565107064,13.009044686551864
Nano-Banana-Pro,33,image_033.png,0.27178213549278774,13.060289463422123
Nano-Banana-Pro,34,image_034.png,0.2628869424601492,12.99531738944533
Nano-Banana-Pro,35,image_035.png,0.2633098028586511,13.052405159979356
Nano-Banana-Pro,36,image_036.png,0.25157712240259167,12.873743245480158
Nano-Banana-Pro,37,image_037.png,0.2391320959887041,12.449307526674161
Nano-Banana-Pro,38,image_038.png,0.24041269950413324,12.568910662058917
Nano-Banana-Pro,39,image_039.png,0.2314137414824089,12.427006555198263
Nano-Banana-Pro,40,image_040.png,0.22683448017466404,12.357553360406648
Nano-Banana-Pro,41,image_041.png,0.22353133081048737,12.137740719851147
Nano-Banana-Pro,42,image_042.png,0.21925470037804737,12.043397066188712
Nano-Banana-Pro,43,image_043.png,0.20992288589544067,11.753627459830627
Nano-Banana-Pro,44,image_044.png,0.2079664347622759,11.794595371168427
Nano-Banana-Pro,45,image_045.png,0.2029462069599092,11.744841218391446
Nano-Banana-Pro,46,image_046.png,0.1982200679946628,11.708273737102697
Nano-Banana-Pro,47,image_047.png,0.19888363581040489,11.75969157191937
Nano-Banana-Pro,48,image_048.png,0.1973021658982112,11.66915699444235
Nano-Banana-Pro,49,image_049.png,0.19190009154184337,11.574846611197723
Nano-Banana-Pro,50,image_050.png,0.19362010712047367,11.670442024165137
Nano-Banana-Pro,51,image_051.png,0.19061400417197852,11.701633043844282
Nano-Banana-Pro,52,image_052.png,0.18836615800364778,11.720738713195097
Nano-Banana-Pro,53,image_053.png,0.18205155288041525,11.550080719506203
Nano-Banana-Pro,54,image_054.png,0.18034594104482904,11.576981269725346
Nano-Banana-Pro,55,image_055.png,0.17575741411478227,11.454723478171662
Nano-Banana-Pro,56,image_056.png,0.17218169760321325,11.425569325117202
Nano-Banana-Pro,57,image_057.png,0.168763130035095,11.485092358171922
Nano-Banana-Pro,58,image_058.png,0.16361227893042685,11.472349190305295
Nano-Banana-Pro,59,image_059.png,0.16271486083159037,11.269760057772729
Nano-Banana-Pro,60,image_060.png,0.16037778580201875,11.224629648195407
Nano-Banana-Pro,61,image_061.png,0.1602389281691545,11.273369079161064
Nano-Banana-Pro,62,image_062.png,0.1562304936087477,11.338137257401504
Nano-Banana-Pro,63,image_063.png,0.16112530033020214,11.424990509610264
Nano-Banana-Pro,64,image_064.png,0.16184595956145595,11.451530306399436
Nano-Banana-Pro,65,image_065.png,0.15909116682953814,11.489509508346277
Nano-Banana-Pro,66,image_066.png,0.1603160171695494,11.575782888684076
Nano-Banana-Pro,67,image_067.png,0.16051133401071555,11.630533349983489
Nano-Banana-Pro,68,image_068.png,0.15082196511482973,11.513956436072238
Nano-Banana-Pro,69,image_069.png,0.14792317801563415,11.407738811653203
Nano-Banana-Pro,70,image_070.png,0.14705216648721112,11.441380934757886
Nano-Banana-Pro,71,image_071.png,0.14414103518784507,11.4822962298075
Nano-Banana-Pro,72,image_072.png,0.1457247140422187,11.521559792438952
Nano-Banana-Pro,73,image_073.png,0.14358421012264594,11.574379734697292
Nano-Banana-Pro,74,image_074.png,0.14495400550112617,11.590954057695335
Nano-Banana-Pro,75,image_075.png,0.1410448763594765,11.583266245605463
Nano-Banana-Pro,76,image_076.png,0.14360582041546557,11.6477585502971
Nano-Banana-Pro,77,image_077.png,0.13762309912836987,11.613641710013214
Nano-Banana-Pro,78,image_078.png,0.13763710156279754,11.61639247972973
Nano-Banana-Pro,79,image_079.png,0.13536402023960073,11.598732373224674
Nano-Banana-Pro,80,image_080.png,0.1378637478470501,11.635715611374103
Nano-Banana-Pro,81,image_081.png,0.13455352563783682,11.623383003488552
Nano-Banana-Pro,82,image_082.png,0.13515148163902402,11.647626684307246
Nano-Banana-Pro,83,image_083.png,0.12906689306414154,11.548654235986596
Nano-Banana-Pro,84,image_084.png,0.1279414392891569,11.5451158875276
Nano-Banana-Pro,85,image_085.png,0.1280780358960322,11.553551248596005
Nano-Banana-Pro,86,image_086.png,0.12835066102603873,11.53559475434676
Nano-Banana-Pro,87,image_087.png,0.13059269855172584,11.585628945956636
Nano-Banana-Pro,88,image_088.png,0.12684311167691556,11.567586245196962
Nano-Banana-Pro,89,image_089.png,0.12317791533865159,11.511260901401425
Nano-Banana-Pro,90,image_090.png,0.11800042745360356,11.422140594411887
Nano-Banana-Pro,91,image_091.png,0.11972302010033434,11.452555573745737
Nano-Banana-Pro,92,image_092.png,0.11752040799825615,11.393748213238377
Nano-Banana-Pro,93,image_093.png,0.11915537413775623,11.4158108315133
Nano-Banana-Pro,94,image_094.png,0.12005635084277787,11.442753922842705
Nano-Banana-Pro,95,image_095.png,0.12092508456061975,11.409146569381527
Nano-Banana-Pro,96,image_096.png,0.1239624031315479,11.456685141646938
Nano-Banana-Pro,97,image_097.png,0.1242346430894874,11.480582856821648
Nano-Banana-Pro,98,image_098.png,0.1259351789218627,11.49105262218522
Nano-Banana-Pro,99,image_099.png,0.12685458705820477,11.524636450577114
Nano-Banana-Pro,100,image_100.png,0.1261639451215273,11.45356832736711
Nano-Banana,1,image_001.png,0.6553505647272364,23.37689551146255
Nano-Banana,2,image_002.png,0.30410000892881695,18.200980250659033
Nano-Banana,3,image_003.png,0.2639278631812596,15.508025423338456
Nano-Banana,4,image_004.png,0.26447083645362907,14.973971124473655
Nano-Banana,5,image_005.png,0.2598317823498886,14.699238702177757
Nano-Banana,6,image_006.png,0.26282724072797764,14.558159667864967
Nano-Banana,7,image_007.png,0.2634944577397563,14.50662677967623
Nano-Banana,8,image_008.png,0.26442098686486953,14.4577468529072
Nano-Banana,9,image_009.png,0.26391273033551366,14.30975210447449
Nano-Banana,10,image_010.png,0.26646226861717387,14.256887978020174
Nano-Banana,11,image_011.png,0.2665878113081653,14.240334472939404
Nano-Banana,12,image_012.png,0.26566541101898883,14.182732159349822
Nano-Banana,13,image_013.png,0.2683204727383177,14.183217040266099
Nano-Banana,14,image_014.png,0.2727743639345429,14.121716149476448
Nano-Banana,15,image_015.png,0.27639671558747014,14.050494458566337
Nano-Banana,16,image_016.png,0.27696473935697247,13.946255434652656
Nano-Banana,17,image_017.png,0.2779506307928983,13.929375120686167
Nano-Banana,18,image_018.png,0.2833882729544914,13.943781271870137
Nano-Banana,19,image_019.png,0.28450338281995463,13.993818896925966
Nano-Banana,20,image_020.png,0.2850383277389497,13.943578931701627
Nano-Banana,21,image_021.png,0.2860048645790964,13.891409313234089
Nano-Banana,22,image_022.png,0.2876124764851853,13.800585760994025
Nano-Banana,23,image_023.png,0.28486115551747215,13.78249564584525
Nano-Banana,24,image_024.png,0.285133554606843,13.801852804754237
Nano-Banana,25,image_025.png,0.27465345007029285,13.920893336637361
Nano-Banana,26,image_026.png,0.267558489034131,13.871570271206263
Nano-Banana,27,image_027.png,0.21012711739643428,14.106842750676673
Nano-Banana,28,image_028.png,0.19295597306186543,14.100318662666325
Nano-Banana,29,image_029.png,0.19645269051267492,14.100513811844737
Nano-Banana,30,image_030.png,0.20019280436332879,14.11199772705302
Nano-Banana,31,image_031.png,0.20569778657382648,14.117817459349899
Nano-Banana,32,image_032.png,0.21428260633420862,14.101606046443408
Nano-Banana,33,image_033.png,0.2270054970671606,14.055473438985938
Nano-Banana,34,image_034.png,0.22983142796833972,14.084413015942863
Nano-Banana,35,image_035.png,0.23848031787853669,14.128559637194346
Nano-Banana,36,image_036.png,0.22522437201436957,14.127995349672588
Nano-Banana,37,image_037.png,0.23088961026015664,14.09340848228573
Nano-Banana,38,image_038.png,0.23863499370376862,14.049580082589031
Nano-Banana,39,image_039.png,0.2523227256764864,14.081511548265713
Nano-Banana,40,image_040.png,0.2645282598315785,14.07404706622064
Nano-Banana,41,image_041.png,0.27018257834073006,14.099682359999697
Nano-Banana,42,image_042.png,0.2693905932944437,14.064006933365434
Nano-Banana,43,image_043.png,0.279031568711457,14.077343154852343
Nano-Banana,44,image_044.png,0.2843756609327258,14.0489642185851
Nano-Banana,45,image_045.png,0.25628997323996316,14.064196329557497
Nano-Banana,46,image_046.png,0.23681763460356797,14.003308042203486
Nano-Banana,47,image_047.png,0.21771049651405477,13.971258792638652
Nano-Banana,48,image_048.png,0.22755926047461142,13.852437282805411
Nano-Banana,49,image_049.png,0.23038346882745064,13.768558345953124
Nano-Banana,50,image_050.png,0.2279921278798447,14.076520144656834
Nano-Banana,51,image_051.png,0.2432443271475147,14.094260390611165
Nano-Banana,52,image_052.png,0.2599210375406575,14.148114317038331
Nano-Banana,53,image_053.png,0.26641634888320576,14.133921818864208
Nano-Banana,54,image_054.png,0.23696284662593226,14.124644766419486
Nano-Banana,55,image_055.png,0.2337427617662647,14.026522644044185
Nano-Banana,56,image_056.png,0.24173118813712619,14.060941613040455
Nano-Banana,57,image_057.png,0.2637175883728211,14.06928292403239
Nano-Banana,58,image_058.png,0.27116308007671663,14.055731053760365
Nano-Banana,59,image_059.png,0.27165761641514236,14.173335527544783
Nano-Banana,60,image_060.png,0.2720264334410937,14.140924177919139
Nano-Banana,61,image_061.png,0.2726780370526087,14.136636108122065
Nano-Banana,62,image_062.png,0.27846878689823606,14.127004384953619
Nano-Banana,63,image_063.png,0.2794070950883636,14.10775172304718
Nano-Banana,64,image_064.png,0.27980103924327915,14.089333483335821
Nano-Banana,65,image_065.png,0.28208577317971856,14.051597013597423
Nano-Banana,66,image_066.png,0.2822840711745098,13.9985133318827
Nano-Banana,67,image_067.png,0.28225077918471275,13.976463890048347
Nano-Banana,68,image_068.png,0.28114459572273937,14.040301720304491
Nano-Banana,69,image_069.png,0.28506983590139046,14.075091942084644
Nano-Banana,70,image_070.png,0.26918467530369317,13.89240680059513
Nano-Banana,71,image_071.png,0.2761199923871707,13.919755251145451
Nano-Banana,72,image_072.png,0.2834102242690696,13.980298145581918
Nano-Banana,73,image_073.png,0.2918196062818065,13.987661639699828
Nano-Banana,74,image_074.png,0.2895781799081818,13.908991055096362
Nano-Banana,75,image_075.png,0.28922732642939963,13.870420104140035
Nano-Banana,76,image_076.png,0.2908241219885281,13.863008350751244
Nano-Banana,77,image_077.png,0.2956174123121643,13.848382527139067
Nano-Banana,78,image_078.png,0.2909914859498936,13.806711287737759
Nano-Banana,79,image_079.png,0.28266224416903196,13.627191154002496
Nano-Banana,80,image_080.png,0.2828280199723759,13.59878136740916
Nano-Banana,81,image_081.png,0.28309428393320946,13.533739992266163
Nano-Banana,82,image_082.png,0.28179735408831386,13.50808647062686
Nano-Banana,83,image_083.png,0.27031782662890086,13.675184299134823
Nano-Banana,84,image_084.png,0.26857356711565195,13.556135707905334
Nano-Banana,85,image_085.png,0.2671048441445539,13.475456357427248
Nano-Banana,86,image_086.png,0.26267081012031607,13.456620944179516
Nano-Banana,87,image_087.png,0.25077289371763944,13.611277731803861
Nano-Banana,88,image_088.png,0.23258951450401638,13.290754621364385
Nano-Banana,89,image_089.png,0.23642357288667545,13.391358688346829
Nano-Banana,90,image_090.png,0.2374649523643515,13.372420096316088
Nano-Banana,91,image_091.png,0.2401285573918954,13.276872629779602
Nano-Banana,92,image_092.png,0.2276746884696417,13.128754357645851
Nano-Banana,93,image_093.png,0.22503371209575806,13.069983046773519
Nano-Banana,94,image_094.png,0.2209305870897297,13.014976182418682
Nano-Banana,95,image_095.png,0.21946708598486084,13.162938481347696
Nano-Banana,96,image_096.png,0.22189310508521662,13.111305904748093
Nano-Banana,97,image_097.png,0.2252211429809618,13.133291519528406
Nano-Banana,98,image_098.png,0.23216020372402899,13.084944271017696
Nano-Banana,99,image_099.png,0.23481753919213927,13.052483855499466
Nano-Banana,100,image_100.png,0.2299690667128126,13.323741045734529
Qwen,1,image_001.png,0.9322432293255398,33.898216502854034
Qwen,2,image_002.png,0.9152122692720359,31.832383492196502
Qwen,3,image_003.png,0.8882593022590765,25.661990364903446
Qwen,4,image_004.png,0.8689740174637662,25.546959100138604
Qwen,5,image_005.png,0.8466016582119317,25.12890113637438
Qwen,6,image_006.png,0.8210278931058556,24.386644775202893
Qwen,7,image_007.png,0.7946110873687399,23.746102980227253
Qwen,8,image_008.png,0.7681100104006211,23.078290359667307
Qwen,9,image_009.png,0.7392566975300928,22.253129064708915
Qwen,10,image_010.png,0.7121913944032872,21.591548264424002
Qwen,11,image_011.png,0.6841576162974972,20.821517219567642
Qwen,12,image_012.png,0.6579068967447372,20.159824312294678
Qwen,13,image_013.png,0.6417333092522876,19.799048959656588
Qwen,14,image_014.png,0.6173468995410206,19.167151484744533
Qwen,15,image_015.png,0.5970642122608563,18.632194713490048
Qwen,16,image_016.png,0.5802206479208895,18.22702726485204
Qwen,17,image_017.png,0.560034581580235,17.74246926445452
Qwen,18,image_018.png,0.5363698449085194,17.14531774891284
Qwen,19,image_019.png,0.5182171057615023,16.762041848659564
Qwen,20,image_020.png,0.4993447504260415,16.38181164247441
Qwen,21,image_021.png,0.47893158506506045,15.955473158275064
Qwen,22,image_022.png,0.46106982213712167,15.594527630324777
Qwen,23,image_023.png,0.4434194094332325,15.255670117975624
Qwen,24,image_024.png,0.42506115226648544,14.903957019759407
Qwen,25,image_025.png,0.4040226543215082,14.567004580481411
Qwen,26,image_026.png,0.3871280728835211,14.231594295754402
Qwen,27,image_027.png,0.3708043255461971,13.932618538682899
Qwen,28,image_028.png,0.3568792957327085,13.69991432924775
Qwen,29,image_029.png,0.34206794702852833,13.439548179212814
Qwen,30,image_030.png,0.32465729897552337,13.08594266233035
Qwen,31,image_031.png,0.3093831430843832,12.849485608143548
Qwen,32,image_032.png,0.2940996524588301,12.597475186748671
Qwen,33,image_033.png,0.2809811537221681,12.395331742789033
Qwen,34,image_034.png,0.26874785739184276,12.238130187513441
Qwen,35,image_035.png,0.2572624067490094,12.066216627645636
Qwen,36,image_036.png,0.24528811681885568,11.877606994337889
Qwen,37,image_037.png,0.23349135199257554,11.702931183821017
Qwen,38,image_038.png,0.22134663751268185,11.502011726226698
Qwen,39,image_039.png,0.2109321067084794,11.336419334892158
Qwen,40,image_040.png,0.2005560234968084,11.164533503082323
Qwen,41,image_041.png,0.18886104908630294,10.968815601442543
Qwen,42,image_042.png,0.17980934343582183,10.833230008419283
Qwen,43,image_043.png,0.1702208456513556,10.662692207226154
Qwen,44,image_044.png,0.16319540806764707,10.551013816615097
Qwen,45,image_045.png,0.1542699649962332,10.394894485882899
Qwen,46,image_046.png,0.14651407102191477,10.248652517467832
Qwen,47,image_047.png,0.1392192759889573,10.150438816585588
Qwen,48,image_048.png,0.13321141037907624,10.064112339559996
Qwen,49,image_049.png,0.12766278010620946,9.965627176167391
Qwen,50,image_050.png,0.1222754890813171,9.892377438401668
Qwen,51,image_051.png,0.11678612967788203,9.792851044425557
Qwen,52,image_052.png,0.11150307636848134,9.702182314260115
Qwen,53,image_053.png,0.10695881074718937,9.631328680312846
Qwen,54,image_054.png,0.1026466705715536,9.572353684061577
Qwen,55,image_055.png,0.0980347900380713,9.497788682925126
Qwen,56,image_056.png,0.0938727205281459,9.410611116540307
Qwen,57,image_057.png,0.09006392405135849,9.351815256072445
Qwen,58,image_058.png,0.08633927981579564,9.288925148498109
Qwen,59,image_059.png,0.08303786671492631,9.229279855481566
Qwen,60,image_060.png,0.08003816144452235,9.174862190737176
Qwen,61,image_061.png,0.07705102492429962,9.111437535493181
Qwen,62,image_062.png,0.0741615671331039,9.05489088079668
Qwen,63,image_063.png,0.07174874934566747,9.009893580802558
Qwen,64,image_064.png,0.06882481798478536,8.951366164848004
Qwen,65,image_065.png,0.06652173391765728,8.913277554691879
Qwen,66,image_066.png,0.0644035026105991,8.867743698424977
Qwen,67,image_067.png,0.062178423147718494,8.823493836233636
Qwen,68,image_068.png,0.06018450209987867,8.773350687111268
Qwen,69,image_069.png,0.05839996689793576,8.74445201341824
Qwen,70,image_070.png,0.05674999320186463,8.70159227410303
Qwen,71,image_071.png,0.05502139094379323,8.666754233572687
Qwen,72,image_072.png,0.053745023803852106,8.638708745511604
Qwen,73,image_073.png,0.05252445597874139,8.6081272552892
Qwen,74,image_074.png,0.05132166171783255,8.57992293679087
Qwen,75,image_075.png,0.0501378553678751,8.5506726771285
Qwen,76,image_076.png,0.04864445311660233,8.516884595159201
Qwen,77,image_077.png,0.047547851921960156,8.493624178159253
Qwen,78,image_078.png,0.04655651832228528,8.476887878856145
Qwen,79,image_079.png,0.04518389825530054,8.441102933049683
Qwen,80,image_080.png,0.04408671036694971,8.418026920459043
Qwen,81,image_081.png,0.043186938338789886,8.401162995833102
Qwen,82,image_082.png,0.04194768106592397,8.36242698704705
Qwen,83,image_083.png,0.041227800413870655,8.34466731806954
Qwen,84,image_084.png,0.04051870259229328,8.319682802046295
Qwen,85,image_085.png,0.03967344395101132,8.292568628845116
Qwen,86,image_086.png,0.03907122706063204,8.271837237942284
Qwen,87,image_087.png,0.03845972239401155,8.257030480656054
Qwen,88,image_088.png,0.03770752334338919,8.225650887784207
Qwen,89,image_089.png,0.03687604284040247,8.206618743984793
Qwen,90,image_090.png,0.03649085828324303,8.196431605206667
Qwen,91,image_091.png,0.03587731955872556,8.170632054560464
Qwen,92,image_092.png,0.03542808054663535,8.163306162618891
Qwen,93,image_093.png,0.034971923089591246,8.149587936209887
Qwen,94,image_094.png,0.03462892896049935,8.133943276116412
Qwen,95,image_095.png,0.034176568269133706,8.120743636365882
Qwen,96,image_096.png,0.03360133938615815,8.102858701975356
Qwen,97,image_097.png,0.033173543149825235,8.088356000303373
Qwen,98,image_098.png,0.032801631722633964,8.08174567003995
Qwen,99,image_099.png,0.03234402148752233,8.06498010982122
Qwen,100,image_100.png,0.03195848824602559,8.051101141651442
SeeDream,1,image_001.jpg,0.756023065625702,25.53652368056175
SeeDream,2,image_002.jpg,0.6828773758520618,23.231492756865034
SeeDream,3,image_003.jpg,0.6230886509542696,20.976318322409988
SeeDream,4,image_004.jpg,0.5753680140540024,19.862236409556296
SeeDream,5,image_005.jpg,0.21285928120190534,13.094677868628215
SeeDream,6,image_006.jpg,0.22224764879514516,12.999024508234838
SeeDream,7,image_007.jpg,0.22291408861200562,12.728654520225142
SeeDream,8,image_008.jpg,0.23038557213435834,12.621765398533052
SeeDream,9,image_009.jpg,0.22861085511852242,12.255185843750542
SeeDream,10,image_010.jpg,0.22033621143040533,11.846082370356253
SeeDream,11,image_011.jpg,0.22622834067386002,11.606363824884445
SeeDream,12,image_012.jpg,0.2313949017217057,11.470195661435735
SeeDream,13,image_013.jpg,0.230518936588556,11.153494862435684
SeeDream,14,image_014.jpg,0.2357048333403104,10.975866503312105
SeeDream,15,image_015.jpg,0.2307948932914023,10.449098460354145
SeeDream,16,image_016.jpg,0.2358342734020525,10.569607751976102
SeeDream,17,image_017.jpg,0.23885078893542275,10.171294738466646
SeeDream,18,image_018.jpg,0.24647220123371827,9.762002973867652
SeeDream,19,image_019.jpg,0.2454954593463816,9.850504447083015
SeeDream,20,image_020.jpg,0.25387358763385776,9.536732947463431
SeeDream,21,image_021.jpg,0.274351817232968,9.090197433555744
SeeDream,22,image_022.jpg,0.2852125274545336,8.916601183163413
SeeDream,23,image_023.jpg,0.2707998810714896,8.365315570608269
SeeDream,24,image_024.jpg,0.2744666304873483,8.321003593499631
SeeDream,25,image_025.jpg,0.28279539019653743,8.273962274076457
SeeDream,26,image_026.jpg,0.2816448647229692,8.361981019820096
SeeDream,27,image_027.jpg,0.26851738876278386,8.349369292980448
SeeDream,28,image_028.jpg,0.277790065071676,8.155145305411132
SeeDream,29,image_029.jpg,0.2649578834296811,8.312878731349869
SeeDream,30,image_030.jpg,0.27285781201201215,8.127367782567417
SeeDream,31,image_031.jpg,0.2794538469509174,8.014965876930637
SeeDream,32,image_032.jpg,0.2756491066428514,8.335950725571097
SeeDream,33,image_033.jpg,0.26955685282834535,8.306010730786177
SeeDream,34,image_034.jpg,0.28824897946772726,7.996784300449122
SeeDream,35,image_035.jpg,0.22715479561469548,8.722728887462823
SeeDream,36,image_036.jpg,0.2854199087740295,8.446399933284525
SeeDream,37,image_037.jpg,0.2933878468317192,8.045549987310501
SeeDream,38,image_038.jpg,0.3020642957974737,7.882002031291796
SeeDream,39,image_039.jpg,0.2977315903370095,7.8425593761688575
SeeDream,40,image_040.jpg,0.24139857446375576,8.025780184606154
SeeDream,41,image_041.jpg,0.26145858323145615,7.924973859789635
SeeDream,42,image_042.jpg,0.27332659931619374,7.854068215061546
SeeDream,43,image_043.jpg,0.2730938848038302,7.863763858163898
SeeDream,44,image_044.jpg,0.28097644507715597,7.7340871016004185
SeeDream,45,image_045.jpg,0.2714366405849391,7.735925422521141
SeeDream,46,image_046.jpg,0.2830616718504855,7.708350127611972
SeeDream,47,image_047.jpg,0.29730427761826844,7.5640630917606755
SeeDream,48,image_048.jpg,0.2813431672166642,7.728655644469536
SeeDream,49,image_049.jpg,0.2768466208137031,7.887678519674621
SeeDream,50,image_050.jpg,0.270913158450174,7.871493590450653
SeeDream,51,image_051.jpg,0.2762404859033244,7.777356902038531
SeeDream,52,image_052.jpg,0.28259720371741354,7.766677966538448
SeeDream,53,image_053.jpg,0.28553684898942866,7.739983485498963
SeeDream,54,image_054.jpg,0.2903116181410812,7.6100258470338975
SeeDream,55,image_055.jpg,0.2856896372464441,7.706103783420773
SeeDream,56,image_056.jpg,0.29292934683946303,7.595564013556989
SeeDream,57,image_057.jpg,0.30181935839619095,7.560115487154945
SeeDream,58,image_058.jpg,0.20850173158606336,9.21534591550753
SeeDream,59,image_059.jpg,0.21338124111493198,8.803971616467228
SeeDream,60,image_060.jpg,0.2197767708467771,8.566365943692759
SeeDream,61,image_061.jpg,0.2349013020101557,8.337411409925707
SeeDream,62,image_062.jpg,0.2512929554851232,8.09365945120146
SeeDream,63,image_063.jpg,0.2547237205290766,8.053848692547467
SeeDream,64,image_064.jpg,0.2582197609660011,7.965072398712097
SeeDream,65,image_065.jpg,0.2654913891704205,7.962901630981913
SeeDream,66,image_066.jpg,0.2660837245457476,7.843206095209652
SeeDream,67,image_067.jpg,0.26396926216011785,7.874824478526996
SeeDream,68,image_068.jpg,0.2688521761263247,7.792646710372009
SeeDream,69,image_069.jpg,0.2766391372901565,7.712929682649659
SeeDream,70,image_070.jpg,0.28314012185350357,7.681578548942243
SeeDream,71,image_071.jpg,0.28315414213736195,7.708950256013481
SeeDream,72,image_072.jpg,0.27877584650358095,7.682441987296023
SeeDream,73,image_073.jpg,0.21369507915004546,9.157334362526731
SeeDream,74,image_074.jpg,0.21974049727710904,8.963895950168071
SeeDream,75,image_075.jpg,0.227030188425492,8.784123632440163
SeeDream,76,image_076.jpg,0.2369274389181169,8.735507543636981
SeeDream,77,image_077.jpg,0.2435475283661507,8.687537036323162
SeeDream,78,image_078.jpg,0.24203333024733784,8.650703979349517
SeeDream,79,image_079.jpg,0.24505043750143352,8.715055493768425
SeeDream,80,image_080.jpg,0.25195377640639105,8.782430797778328
SeeDream,81,image_081.jpg,0.2522502133750384,8.702826185003525
SeeDream,82,image_082.jpg,0.25082775470762775,8.656623963100117
SeeDream,83,image_083.jpg,0.25115082853296494,8.673259750688693
SeeDream,84,image_084.jpg,0.24390130090499812,8.64867826162522
SeeDream,85,image_085.jpg,0.24680344553549602,8.648177704560183
SeeDream,86,image_086.jpg,0.25020313956356716,8.662371374789778
SeeDream,87,image_087.jpg,0.25327769731369676,8.568473626674425
SeeDream,88,image_088.jpg,0.24891239665126266,8.574955552074023
SeeDream,89,image_089.jpg,0.23680316597205184,8.654915144469623
SeeDream,90,image_090.jpg,0.22924407529961763,8.639427413942673
SeeDream,91,image_091.jpg,0.19367856056818786,8.634441146385306
SeeDream,92,image_092.jpg,0.18167007679477626,8.519632860623368
SeeDream,93,image_093.jpg,0.1743337912133834,8.454764489285234
SeeDream,94,image_094.jpg,0.1742644458849311,8.475480244577973
SeeDream,95,image_095.jpg,0.17096397283335713,8.556763145420627
SeeDream,96,image_096.jpg,0.16848766588027111,8.481669661950166
SeeDream,97,image_097.jpg,0.16555640487745285,8.423217208924468
SeeDream,98,image_098.jpg,0.15314132661907606,8.329589521369456
SeeDream,99,image_099.jpg,0.14757320317494205,8.287503310892156
SeeDream,100,image_100.jpg,0.14466225602571292,8.267969402212143
